IOC,Category,Type,Advisory
E5471FB4827CB570E65C2EBDFF5DA38E64B6A9FE47A81D11DAB2F0937315BE30,SHA-256,,CTI-240530-T01 
scottish-agreement-laundry-further.trycloudflare.com/updatelog,Domain,,CTI-240530-T01 
generated-eating-meals-top.trycloudflare.com/updatelog,Domain,,CTI-240530-T01 
generated-eating-meals-top.trycloudflare.com/updatelogead,Domain,,CTI-240530-T01 
earthquake-js-westminster-searched.trycloudflare.com:443/updatelog,Domain,,CTI-240530-T01 
2fe78941d74d35f721556697491a438bf3573094d7ac091b42e4f59ecbd25753            ,SHA-256,,CTI-240530-T02
4b5229b3250c8c08b98cb710d6c056144271de099a57ae09f5d2097fc41bd4f1           ,SHA-256,,CTI-240530-T02
2b33df9aff7cb99a782b252e8eb65ca49874a112986a1c49cd9971210597a8ae           ,SHA-256,,CTI-240530-T02
3ced0552b9ecf3dfecd14cbcc3a0d246b10595d5048d7f0d4690e26ecccc1150           ,SHA-256,,CTI-240530-T02
3b2724f3350cb5f017db361bd7aae49a8dbc6faa7506de6a4b8992ef3fd9d7ab             ,SHA-256,,CTI-240530-T02
35eb368c14ad25e3b1c58579ebaeae71bdd8ef7f9ccecfc00474aa066b32a03f             ,SHA-256,,CTI-240530-T02
786591953336594473d171e269c3617d7449876993b508daa9b96eedc12ea1ca        ,SHA-256,,CTI-240530-T02
11bd2c9f9e2397c9a16e0990e4ed2cf0679498fe0fd418a3dfdac60b5c160ee5              ,SHA-256,,CTI-240530-T02
aac7f8e174ba66d62620bd07613bac1947f996bb96b9627b42910a1db3d3e22b         ,SHA-256,,CTI-240530-T02
6f3e913c93887a58e64da5070d96dc34d3265f456034446be89167584a0b347e          ,SHA-256,,CTI-240530-T02
7c242a08ee2dfd5da8a4c6bc86231985e2c26c7b9931ad0b3ea4723e49ceb1c1,SHA-256,,CTI-240530-T02
cc4384510576131c126db3caca027c5d159d032d33ef90ef30db0daa2a0c4104,SHA-256,,CTI-240530-T02
111.90.158[.]40 ,IP,,CTI-240530-T02
93.95.225.137,IP,,CTI-240530-T02
ftp.yrnvtklot.com                               ,Domain,,CTI-240530-T02
online.yrnvtklot.com,Domain,,CTI-240530-T02
BF04F1095661A32FAE746430FF31DE02F686DDADD288D9EA3B58D4279E079C41,SHA-256,,CTI-240530-T03 
E8AEACF53531C3E4BEFC2C750F7592E7D22E0D6A0E728EA60566E798D148EA50,SHA-256,,CTI-240530-T03 
08972D89A2E0B85947A72C541DEE09E136D81F7AA9BC7310A298FDE5259B1DD3,SHA-256,,CTI-240530-T03 
AAE240697A9632CF70DB2B77FE7117FDF3D6D5D63C60F67A86DFFC681DA14204,SHA-256,,CTI-240530-T03 
CE06CE31FE90D2F022B95EFCDB3D07E02AE40F3ADDECAC0DDCE51A389F046144,SHA-256,,CTI-240530-T03 
74DD00BC6672E3A03F457A090B88E9402DFC2B4725567FDBAC040E58F8DD1D32,SHA-256,,CTI-240530-T03 
73BD715184EBF17FC0FF19D98D070D7D72F4CA8164C8FA2EEF462D8D8D20D100,SHA-256,,CTI-240530-T03 
C53D48985646E412D92E2C86B400082D19DD023D351417F9FA49182E27724C78,SHA-256,,CTI-240530-T03 
